{"max": [0.0288434, 0.343004, 0.2], "centroid": [-0.10004686612903232, 0.10846652903225813, -0.006290322580645159], "id": "2e81196fa81cc1fba29538f582b2005", "numVertices": 124, "min": [-0.228843, 0.0, -0.1]}
