{"max": [0.0, 0.857237, -0.00149786], "centroid": [-0.28477789809653314, 0.45408345523426213, -0.5779304927940154], "id": "2666ea267824515b6a047293eefdd617", "numVertices": 1471, "min": [-0.608023, 0.0, -0.668335]}
