{"max": [0.606425, 0.889, 0.0], "centroid": [0.2965700526315788, 0.3862638157894736, -0.6152815789473686], "id": "7d4a04196d3b8eba7984fb9ec7e40829", "numVertices": 76, "min": [0.0, 0.0, -0.7239]}
