{"max": [0.220022, 2.3439, 0.294744], "centroid": [-0.006520043481631251, 2.0738177568452745, 0.13031693749308682], "id": "9c038a6c2564f3b0560e99aa033eed2e", "numVertices": 2967, "min": [-0.313378, 0.0, -0.205844]}
