{"max": [0.0, 0.860425, 0.691366], "centroid": [-0.30391798039906076, 0.7403684720657276, 0.06392323373239467], "id": "53ad4a901e8b0dd9121859336e292a5d", "numVertices": 852, "min": [-0.606425, 0.0, 0.0]}
