{"max": [0.013294, 0.184192, 0.00935362], "centroid": [-0.1333404788455279, 0.059318639680555535, -0.14253959170156308], "id": "45c547298f85241b959ad2f80f4dbcca", "numVertices": 864, "min": [-0.279994, -0.0127, -0.401865]}
